[Header],,,
FileFormatVersion,2,,
RunName,SQR000026,,
InstrumentPlatform,NextSeq1k2k,,
InstrumentType,NextSeq2000,,
[Reads],,,
Read1Cycles,59,,
Read2Cycles,59,,
Index1Cycles,10,,
Index2Cycles,10,,
[BCLConvert_Settings],,,
SoftwareVersion,3.7.4,,
BarcodeMismatchesIndex1,1,,
BarcodeMismatchesIndex2,1,,
[BCLConvert_Data],,,
Sample_ID,index,index2,Sample_Project
SEQ00003B5X1,AACACAGCAT,ACATCACTTA,COVID
SEQ00003B5X2,GTCGCCATAT,ACAGATGTCA,COVID
SEQ00003B5X3,TGCTCGCCAT,ACCCACAGCA,COVID
SEQ00003B5X4,CGGACAGCAT,ACCAGACTCA,FASTQ
SEQ00003B5X5,TTCACTCGAT,ACCCAACGGA,FASTQ
SEQ00003B5X6,AGTGATGGAT,ACTAGCATAA,FASTQ
SEQ00003B5X7,GGTGTACTAT,ACATCACTTA,MAPPING
SEQ00003B5X8,ATCAGCGAAT,ACAGATGTCA,MAPPING
SEQ00003B5X9,TTACCGCCAT,ACCCACAGCA,NF-VIRALRECON
SEQ00003B5X10,TTCGGCGGAT,ACCAGACTCA,NF-VIRALRECON